{"gpu": "simulator-llama2-7b-a40", "cost": 0.3, "tputs": [[53.46768813782049, 26.94702168379827, 13.351384925561684, 6.449112831829054, 3.0687269478197807], [49.18066045134238, 25.769051024042447, 12.750500448630419, 6.217046222817317, 3.908221660884725], [41.108372151595, 22.75667452657716, 11.871417823932267, 5.829879694384015, 2.8224716954769615], [26.893000851172808, 19.116530652345308, 10.259072704641495, 5.2228653781964365, 2.543157981660752], [22.158835440491103, 14.4763730301464, 8.033579290082939, 4.2722041267679, 2.164619049620232], [12.63449771529047, 9.105625644461483, 5.341921516909921, 3.0724262148293473, 1.605589539944446], [6.44070093597801, 4.908506391879229, 2.825722541489097, 1.7049267539064084, 0.975843626543094], [2.6864554196635524, 2.0460122075598965, 1.365640744818924, 1.2238675036166577, 0.5042209229511221]], "indexes": [[4, 8, 16, 32, 64, 128, 256, 512], [128, 256, 512, 1024, 2048]], "created": 1732598726.235767}