{"gpu": "simulator-llama2-7b-a100", "cost": 1.0, "tputs": [[62.4770592037908, 32.3132063155413, 16.794872306236712, 8.506609663869995, 4.25505318548248], [60.316466916176516, 31.743326005665654, 16.648846618248662, 8.456487777894496, 4.232097897906285], [31.390153356402557, 31.44077673744191, 16.35548438044074, 8.319937915785582, 4.195196435104038], [29.659845691502795, 29.443006402919238, 15.737020124678372, 8.09950347977996, 4.097482292889981], [15.195016931044663, 15.141240615344003, 8.084202765314256, 7.635497267355755, 3.9453497193741334], [7.6749238663857575, 7.646377471511056, 7.469959534415053, 4.021491925138638, 2.0825276518486944], [3.8569367968050043, 3.8474025810402654, 3.788259676585335, 2.0288591107923666, 0.0], [0.0, 0.0, 0.0, 0.0, 0.0]], "indexes": [[4, 8, 16, 32, 64, 128, 256, 512], [128, 256, 512, 1024, 2048]], "created": 1747698626.86743, "e2e": [[0.09952875833841972, 0.12239365121233277, 0.21428067207685672, 0.31731165578588844, 0.5534239103773143], [0.17259948405786418, 0.19343522920506076, 0.3083386933861766, 0.43137065838091077, 0.6822485379409045], [0.2401115512580145, 0.34489422958809884, 0.47929574372596107, 0.6583689095533919, 0.940295041234931], [0.48604107543011194, 0.6922839175269473, 0.827185874566203, 1.0668736191641073, 1.4869349837116896], [0.8164577254245523, 0.9879068507999181, 1.041013903748244, 2.1203144049376714, 2.666910813357681], [1.51887807746185, 1.7140269558737053, 2.342019975812873, 2.50050834288937, 2.8703157891728917], [2.9778688216709996, 3.245595489592524, 3.9633901528839486, 4.021366707490524, 0.0], [0.0, 0.0, 0.0, 0.0, 0.0]], "slos": {"percentile": 99, "e2e": 5.0}}