{"gpu": "simulator-llama2-7b-a100", "cost": 1.0, "tputs": [[62.4770592037908, 54.41609758859857, 27.479217348298977, 13.233761409619609, 6.364180103253477], [60.316466916176516, 50.191932920882834, 26.125096038397714, 12.725834514073275, 6.189499703439544], [56.75260595422426, 47.022895270218406, 24.2563402721543, 11.908798077103592, 5.906818680155886], [50.55276394015143, 40.282564741237664, 21.527138429115244, 11.091621232153178, 5.340385383428255], [39.156908682972, 31.064483545526286, 17.981327336506435, 9.485761082753623, 4.766802405552006], [25.48358337772967, 20.84102605997694, 13.326249617862985, 7.462876735738044, 3.8320375960764395], [14.400357243268942, 12.221727123400482, 8.517260437465913, 5.099627101138905, 2.732587694175802], [7.062882339740163, 6.174371506110377, 4.67281574035367, 2.662288521332232, 1.6317610529300335]], "indexes": [[4, 8, 16, 32, 64, 128, 256, 512], [128, 256, 512, 1024, 2048]]}